building,sum,mean,min,max
building_A,129.6,21.599999999999998,15.5,28.0
building_B,78.4,13.066666666666668,10.1,16.2
